"","TSV","TCV","TA","TP"
"TSV",1,-0.0957975165522212,-0.0361902995300241,-0.244608477963102
"TCV",-0.0957975165522212,1,0.0872040236171958,-0.171770689368522
"TA",-0.0361902995300241,0.0872040236171958,1,-0.432148698140136
"TP",-0.244608477963102,-0.171770689368522,-0.432148698140136,1
